position,name,score,lines,level,date
1,Norm,783549,350,24,2000-03-07 22:01:10
2,Mutt,780723,318,22,2000-02-25 19:36:12
3,StepheN,723504,343,23,2000-03-04 22:17:33
4,Adam,667475,342,23,2000-02-24 12:34:06
5,Jeffrey,616350,318,22,2000-02-20 17:29:44
6,KyongSung,587593,255,18,2000-03-04 01:06:43
7,ZZangg.y,585746,284,19,2000-02-14 21:36:44
8,Bite that Phil,577327,278,19,1999-10-15 00:16:14
9,Marty,566587,283,19,1999-12-16 14:58:09
10,spock,551513,314,21,2000-01-23 04:57:02
11,Stef,550563,286,20,2000-01-13 10:03:23
12,PtitGris,544747,279,19,2000-01-03 10:57:46
13,Sun Pil,511738,217,15,2000-02-11 10:32:55
14,Young,502417,205,14,2000-01-29 03:27:21
15,Sungdo,492170,256,18,1999-09-19 19:02:05
16,yue,462740,267,18,1999-11-19 15:09:04
17,Dong Jin,456583,219,15,2000-02-10 22:26:52
18,IRANahoo,407686,225,16,1999-10-28 00:26:15
19,Dada,402100,219,15,1999-12-16 23:51:35
20,Cri Sincai,397398,184,13,2000-02-03 20:06:38
21,Desiree,379837,183,13,2000-03-05 00:12:54
22,Awesum,379451,248,17,2000-02-27 21:11:04
23,Justin,376213,219,15,2000-02-09 18:41:40
24,Rem,375924,212,15,1999-05-31 17:15:38
25,Jan,364002,183,13,2000-02-19 08:49:11
26,zen tong,363767,194,13,1999-08-07 07:16:24
27,SunPil,353502,233,16,1999-12-20 09:38:19
28,ZZanggi,348872,186,13,1999-10-18 04:40:16
29,Larth,344926,204,14,1999-12-11 20:07:57
30,Fried,341175,256,18,2000-02-24 21:50:44
31,TYWING,340841,177,12,1999-06-30 13:37:47
32,CHERIE,339967,241,17,1999-06-28 02:30:36
33,Michael,337550,207,14,2000-01-03 18:36:03
34,Cri Sincai RO,336500,183,13,1999-12-08 21:11:43
35,#1,336471,244,17,1999-11-03 18:31:26
36,Steak,335361,196,14,2000-01-25 22:52:24
37,ahoocheh,332948,193,13,1999-10-19 09:48:01
38,zen tong(hk),322784,160,11,1999-08-19 11:23:46
39,katie,318480,231,16,2000-02-16 09:32:42
40,Phil Lavigne,315245,186,13,2000-02-19 16:40:52
41,Jeps,314692,144,10,2000-02-23 14:00:36
42,Rax,313220,221,15,2000-01-29 17:43:33
43,Geldrik,310899,133,9,1999-07-15 21:56:25
44,stef,303640,151,11,2000-02-07 22:36:34
45,ben2,302249,163,11,1999-08-05 10:59:41
46,Franky,301425,153,11,2000-01-17 21:33:02
47,Dub,294205,183,13,2000-03-07 01:14:00
48,ALAIN,294103,187,13,2000-03-04 04:40:50
49,Sanga,293932,179,12,2000-02-29 01:55:25
50,pointless,292097,168,12,2000-01-22 18:11:08
51,Koen,290436,166,12,1999-10-17 08:31:07
52,Cloune,287364,162,11,1999-07-21 19:31:16
53,Katrina,286071,144,10,1999-10-01 21:53:36
54,Lucks,284613,161,11,2000-03-06 19:07:35
55,Ken,284190,173,12,1999-10-27 16:35:48
56,HERVE,283458,159,11,1999-11-01 04:28:09
57,scott,283426,153,11,2000-02-05 20:05:32
58,dan dieso,281915,206,14,2000-03-05 19:12:07
59,Martin,278533,173,12,1999-08-01 11:01:19
60,Xen,278349,166,12,1999-05-28 13:51:29
61,Siebren,277246,173,12,2000-02-29 13:20:54
62,kamikaze,276612,171,12,1999-07-26 20:20:42
63,DAC,274250,201,14,1999-09-19 23:04:45
64,Claudia,274168,198,14,1999-07-19 08:14:36
65,S-T-A-U-F,274041,201,14,1999-12-05 20:51:01
66,Adravik,271847,202,14,2000-02-22 20:09:39
67,EvilTwin,271532,130,9,2000-03-07 22:05:17
68,Joe,271334,180,13,1999-08-02 12:53:08
69,GOD,267594,175,12,2000-02-28 16:59:00
70,cow,265899,223,15,1999-11-30 03:38:05
71,Kvantum,263526,204,14,2000-02-23 15:25:07
72,Damonator,259967,157,11,2000-03-07 19:27:13
73,Damonator,259967,157,11,2000-03-07 19:27:13
74,Jeps,259963,151,11,2000-02-23 10:35:34
75,Muzammil,259295,153,11,2000-02-19 18:23:11
76,Doh,258039,187,13,1999-05-28 14:53:50
77,Frédérick,257609,225,16,2000-02-26 21:33:46
78,scruffy_Dog,257557,126,9,2000-02-23 07:04:02
79,Tiny E,256650,160,11,1999-11-13 21:50:35
80,tom,255588,185,13,2000-02-28 18:36:43
81,Pihvi,255069,187,13,2000-03-05 17:23:04
82,klazina,254365,164,11,2000-01-20 12:53:15
83,EvilTwin,253875,178,12,2000-02-18 15:18:10
84,Bymob,252738,149,10,1999-11-21 13:20:11
85,Time Out!,251808,156,11,2000-03-04 22:57:03
86,Diederik,251734,172,12,2000-02-02 16:20:54
87,Michelle,251025,235,16,1999-08-03 05:44:49
88,DartJeff,244373,160,11,1999-07-13 23:31:19
89,JENNIFER,243883,205,14,1999-11-24 02:19:09
90,StormWizrd,242052,133,9,2000-02-27 03:25:23
91,Sara,241961,162,11,2000-02-27 02:36:20
92,Josephine,241094,234,16,1999-07-17 09:04:12
93,Stupid Lady,240827,201,14,1999-10-07 21:44:24
94,ByteRager,240262,142,10,1999-07-27 15:31:30
95,Black Wolf,239056,211,15,2000-02-25 20:15:31
96,Tim,238643,184,13,2000-02-13 16:11:20
97,Phoenix,238032,124,9,1999-08-15 23:16:18
98,#3,236980,242,17,2000-01-09 22:49:18
99,Artur,236573,179,12,2000-01-26 13:05:17
100,Berduck,235962,139,10,2000-02-19 18:01:53
