position,name,score,lines,level
1,RZ***Stephen,2951441,733,49
2,RZ***Stephen,2801703,772,52
3,*$@w*Arjen,2739948,663,45
4,VicIonCic,2652692,655,44
5,kdjoony,2604849,626,42
6,*$@w*Arjen,2505669,616,42
7,RZ***Stephen,2491737,681,46
8,RZ***Brandon,2244882,631,43
9,RZ***Brandon,2173529,632,43
10,RZ***Rat,2030432,572,39
11,Ric,2027818,624,42
12,Ric,1988317,590,40
13,RZ***Stephen,1958615,484,33
14,Ric,1934951,584,39
15,Ric,1925139,576,39
16,[iwku] Polly,1802536,599,40
17,ric luvs cutie,1781382,551,37
18,ric luvs cutie,1763932,570,39
19,ric luvs cutie,1679543,540,37
20,Ric,1510432,548,37
21,[qz]-Polly-,1442447,510,35
22,VicIonCic,1421150,402,27
23,Ric,1403768,483,33
24,[qz]-Polly-,1361849,432,29
25,zlip,1320051,493,33
26,deo,1233149,351,24
27,[qz]-trigger-,1210915,451,31
28,VicIonCic,1093620,376,26
29,[qz]-Polly-,1084387,440,30
30,wabi sabi,1081585,380,26
31,wabi sabi,1066595,414,28
32,[qz]-fawk-,1025385,241,17
33,[qz]-Zap-,997672,456,31
34,zlip,980708,468,32
35,øruvik,957370,372,25
36,RZ***Stephen,939450,266,18
37,use the 4s,927550,464,31
38,dashararisk,922880,321,22
39,[qz]-Viking-,907475,325,22
40,Polly,869048,352,24
41,zlip,864752,349,24
42,469064,854985,318,22
43,pedrinhu,854975,343,23
44,Arjen,854842,241,17
45,RZ***Stephen,854485,296,20
46,Bpl Madox,844375,259,18
47,[qz]-Gaz-,837192,383,26
48,[rqm]trigger,823440,324,22
49,RZ***Brandon,817825,311,21
50,deo,809391,262,18
51,-gattz,801535,283,19
52,Arjen,796074,237,16
53,[QT]MadCow,795900,334,23
54,[asdf],793495,303,21
55,use the 4s,783330,416,28
56,Scortile,779685,293,20
57,FatZgE,777635,412,28
58,*$@w*Arjen,768610,290,20
59,[asdf],760800,256,18
60,[rqm]trigger,754890,269,18
61,ozze,749275,312,21
62,Gary,748615,321,22
63,RZ***Stephen,746850,205,14
64,St.Limp,746745,248,17
65,manu,742000,306,21
66,twisted` fawk,741130,180,13
67,[qz]-fawk-,733895,320,22
68,superzwitch,732585,268,18
69,Scortile,730970,302,21
70,[qz]-Polly-,729150,314,21
71,ozze[GR],724285,304,21
72,Pyret,723830,305,21
73,Jean,718930,289,20
74,use the 4s,717525,372,25
75,KoRn,710705,348,24
76,*$@w*Altec,697420,291,20
77,*$@w*Altec,693335,316,22
78,FastFatZgE,690540,308,21
79,FastFatZgE,690265,280,19
80,madoX,688373,211,15
81,madox #1,687725,248,17
82,deooOOo,684345,256,18
83,2fast,678570,289,20
84,RZ***Stephen,672850,200,14
85,RZ***Stephen,672725,227,16
86,use the 4s,672370,344,23
87,daryl,668470,328,22
88,entourage,668185,267,18
89,Scortile,668010,238,16
90,B,664520,286,20
91,Ric,663316,271,19
92,el`FatZ,659895,292,20
93,[qz]-fawk-,656780,257,18
94,*$@w*Altec,654030,261,18
95,Justyna...,650816,297,20
96,104::|::Gabriel,647235,290,20
97,-TeG-Manu,646996,282,19
98,scorry,646400,305,21
99,RZ***dB,646395,305,21
100,Siw,646360,288,20
